{
    "mappings": [],
    "labels_gender": [
        1,
        1,
        1,
        0,
        0,
        0,
        0,
        0,
        0,
        1,
        1,
        1,
        0,
        0,
        0,
        1,
        1,
        1
    ],
    "labels_ID": [
        "810102087",
        "810102087",
        "810102087",
        "810103226",
        "810103226",
        "810103226",
        "810102263",
        "810102263",
        "810102263",
        "810103123",
        "810103123",
        "810103123",
        "810199459",
        "810199459",
        "810199459",
        "810199489",
        "810199489",
        "810199489"
    ],
    "MFCCs": [
        [
            -430.1700134277344,
            95.19310760498047,
            15.731851577758789,
            -5.766305923461914,
            -28.448272705078125,
            4.670502185821533,
            -10.1474609375,
            -17.29994010925293,
            -19.412208557128906,
            7.535068988800049,
            -16.52044677734375,
            -10.58482551574707,
            -11.245108604431152
        ],
        [
            -430.1700134277344,
            95.19310760498047,
            15.731851577758789,
            -5.766305923461914,
            -28.448272705078125,
            4.670502185821533,
            -10.1474609375,
            -17.29994010925293,
            -19.412208557128906,
            7.535068988800049,
            -16.52044677734375,
            -10.58482551574707,
            -11.245108604431152
        ],
        [
            -430.1700134277344,
            95.19310760498047,
            15.731851577758789,
            -5.766305923461914,
            -28.448272705078125,
            4.670502185821533,
            -10.1474609375,
            -17.29994010925293,
            -19.412208557128906,
            7.535068988800049,
            -16.52044677734375,
            -10.58482551574707,
            -11.245108604431152
        ],
        [
            -307.8786926269531,
            38.54069900512695,
            34.11783981323242,
            2.9811203479766846,
            5.8606791496276855,
            3.7824769020080566,
            -4.612024784088135,
            5.849582195281982,
            -4.218276023864746,
            -1.4971927404403687,
            -4.522010803222656,
            -3.211103677749634,
            3.068892478942871
        ],
        [
            -307.8786926269531,
            38.54069900512695,
            34.11783981323242,
            2.9811203479766846,
            5.8606791496276855,
            3.7824769020080566,
            -4.612024784088135,
            5.849582195281982,
            -4.218276023864746,
            -1.4971927404403687,
            -4.522010803222656,
            -3.211103677749634,
            3.068892478942871
        ],
        [
            -307.8786926269531,
            38.54069900512695,
            34.11783981323242,
            2.9811203479766846,
            5.8606791496276855,
            3.7824769020080566,
            -4.612024784088135,
            5.849582195281982,
            -4.218276023864746,
            -1.4971927404403687,
            -4.522010803222656,
            -3.211103677749634,
            3.068892478942871
        ],
        [
            -887.8983764648438,
            61.08694839477539,
            -4.5778889656066895,
            14.843231201171875,
            -7.78603982925415,
            16.728410720825195,
            -6.5272932052612305,
            4.80292272567749,
            -7.7060346603393555,
            4.577001094818115,
            -1.6867138147354126,
            -0.9615705013275146,
            -5.3324875831604
        ],
        [
            -887.8983764648438,
            61.08694839477539,
            -4.5778889656066895,
            14.843231201171875,
            -7.78603982925415,
            16.728410720825195,
            -6.5272932052612305,
            4.80292272567749,
            -7.7060346603393555,
            4.577001094818115,
            -1.6867138147354126,
            -0.9615705013275146,
            -5.3324875831604
        ],
        [
            -887.8983764648438,
            61.08694839477539,
            -4.5778889656066895,
            14.843231201171875,
            -7.78603982925415,
            16.728410720825195,
            -6.5272932052612305,
            4.80292272567749,
            -7.7060346603393555,
            4.577001094818115,
            -1.6867138147354126,
            -0.9615705013275146,
            -5.3324875831604
        ],
        [
            -511.58428955078125,
            63.99543380737305,
            -8.923307418823242,
            18.1494140625,
            -23.419347763061523,
            -3.1143364906311035,
            -10.961692810058594,
            -7.450726509094238,
            -0.7430322766304016,
            -1.873678207397461,
            -6.551938056945801,
            -2.6888837814331055,
            -3.7359695434570312
        ],
        [
            -511.58428955078125,
            63.99543380737305,
            -8.923307418823242,
            18.1494140625,
            -23.419347763061523,
            -3.1143364906311035,
            -10.961692810058594,
            -7.450726509094238,
            -0.7430322766304016,
            -1.873678207397461,
            -6.551938056945801,
            -2.6888837814331055,
            -3.7359695434570312
        ],
        [
            -511.58428955078125,
            63.99543380737305,
            -8.923307418823242,
            18.1494140625,
            -23.419347763061523,
            -3.1143364906311035,
            -10.961692810058594,
            -7.450726509094238,
            -0.7430322766304016,
            -1.873678207397461,
            -6.551938056945801,
            -2.6888837814331055,
            -3.7359695434570312
        ],
        [
            -516.5032348632812,
            87.80918884277344,
            32.5506591796875,
            21.51960563659668,
            5.952947616577148,
            9.738643646240234,
            4.518464088439941,
            18.95301055908203,
            -5.25473690032959,
            6.271833896636963,
            -8.93012523651123,
            -1.209755778312683,
            -6.137008190155029
        ],
        [
            -516.5032348632812,
            87.80918884277344,
            32.5506591796875,
            21.51960563659668,
            5.952947616577148,
            9.738643646240234,
            4.518464088439941,
            18.95301055908203,
            -5.25473690032959,
            6.271833896636963,
            -8.93012523651123,
            -1.209755778312683,
            -6.137008190155029
        ],
        [
            -516.5032348632812,
            87.80918884277344,
            32.5506591796875,
            21.51960563659668,
            5.952947616577148,
            9.738643646240234,
            4.518464088439941,
            18.95301055908203,
            -5.25473690032959,
            6.271833896636963,
            -8.93012523651123,
            -1.209755778312683,
            -6.137008190155029
        ],
        [
            -669.8267822265625,
            75.56328582763672,
            -12.97665023803711,
            25.513853073120117,
            15.563852310180664,
            17.516151428222656,
            -13.192331314086914,
            3.7019782066345215,
            -7.828333854675293,
            12.373083114624023,
            -5.4012675285339355,
            -10.741202354431152,
            -0.10879679024219513
        ],
        [
            -669.8267822265625,
            75.56328582763672,
            -12.97665023803711,
            25.513853073120117,
            15.563852310180664,
            17.516151428222656,
            -13.192331314086914,
            3.7019782066345215,
            -7.828333854675293,
            12.373083114624023,
            -5.4012675285339355,
            -10.741202354431152,
